input_norm,output_norm
-1.0,-0.9104412603125628
-0.9990229604298975,-0.9104412603125628
-0.9980459208597948,-0.9104412603125628
-0.9970688812896922,-0.9104412603125628
-0.9960918417195896,-0.9104412603125628
-0.9951148021494871,-0.9105873381989523
-0.9941377625793845,-0.9110528124399965
-0.9931607230092818,-0.9108108419428792
-0.9921836834391793,-0.9110246885105584
-0.9912066438690768,-0.9108615707169735
-0.9902296042989741,-0.9105009140415662
-0.9892525647288715,-0.9103241884373944
-0.9882755251587689,-0.9101403469012648
-0.9872984855886664,-0.9105312439339462
-0.9863214460185638,-0.9106500131246515
-0.9853444064484611,-0.9106926027293138
-0.9843673668783586,-0.911043726258111
-0.983390327308256,-0.9111293878124014
-0.9824132877381534,-0.9107329019381283
-0.9814362481680508,-0.9103364160638552
-0.9804592085979482,-0.910736063379215
-0.9794821690278457,-0.9111969901120379
-0.978505129457743,-0.9110099787914478
-0.9775280898876404,-0.9108229674708578
-0.9765510503175379,-0.9102210932307124
-0.9755740107474353,-0.9112052337596254
-0.9745969711773327,-0.9115742436358352
-0.97361993160723,-0.911387059876832
-0.9726428920371275,-0.9109013783163462
-0.971665852467025,-0.910632682247651
-0.9706888128969223,-0.9103092336159372
-0.9697117733268197,-0.9105228649545323
-0.9687347337567171,-0.9105200172234164
-0.9677576941866146,-0.9103939224724331
-0.966780654616512,-0.9102678277214499
-0.9658036150464093,-0.9098766941333292
-0.9648265754763068,-0.9106868441692137
-0.9638495359062043,-0.9106830557940093
-0.9628724963361016,-0.9098961454286122
-0.961895456765999,-0.9103023328144237
-0.9609184171958964,-0.9105364313164888
-0.9599413776257939,-0.9102391914215306
-0.9589643380556913,-0.9112069989373865
-0.9579872984855886,-0.9114042985701597
-0.9570102589154861,-0.9111601981267247
-0.9560332193453835,-0.9110436114380812
-0.9550561797752809,-0.9109270247494377
-0.9540791402051783,-0.9108104380607941
-0.9531021006350757,-0.9101771422919522
-0.9521250610649732,-0.9095846657385758
-0.9511480214948705,-0.9111700894956992
-0.9501709819247679,-0.9112901236389311
-0.9491939423546654,-0.9111008816868575
-0.9482169027845628,-0.910911639734784
-0.9472398632144602,-0.9107223977827102
-0.9462628236443575,-0.9105118084059574
-0.945285784074255,-0.9102102350880547
-0.9443087445041525,-0.910940404239062
-0.9433317049340498,-0.9115678355022536
-0.9423546653639472,-0.9114179805649708
-0.9413776257938447,-0.9113546053094758
-0.9404005862237421,-0.9110765857409462
-0.9394235466536395,-0.9108956802355686
-0.9384465070835368,-0.911131692285063
-0.9374694675134343,-0.9109033705915726
-0.9364924279433318,-0.9105587722797442
-0.9355153883732291,-0.9105799317549428
-0.9345383488031265,-0.9107341873984963
-0.9335613092330239,-0.9107032343842414
-0.9325842696629214,-0.9106099238834777
-0.9316072300928188,-0.9105166133827142
-0.9306301905227161,-0.9104233028819505
-0.9296531509526136,-0.9103299923811868
-0.928676111382511,-0.9104128652947474
-0.9276990718124084,-0.9108276913189933
-0.9267220322423058,-0.9114116356227694
-0.9257449926722032,-0.9115477625376547
-0.9247679531021007,-0.9095370805567441
-0.923790913531998,-0.9096550317058371
-0.9228138739618954,-0.9097729828549299
-0.9218368343917929,-0.9098909340040229
-0.9208597948216903,-0.9103386097557188
-0.9198827552515877,-0.9107520052193397
-0.918905715681485,-0.9108215461660953
-0.9179286761113825,-0.9108931309587714
-0.91695163654128,-0.9110048687409497
-0.9159745969711773,-0.910491659847732
-0.9149975574010747,-0.9116531586392849
-0.9140205178309722,-0.9118881295182717
-0.9130434782608696,-0.9120445549779006
-0.912066438690767,-0.911574240192524
-0.9110893991206643,-0.9108354630913506
-0.9101123595505618,-0.9106227138534965
-0.9091353199804593,-0.9106936873956495
-0.9081582804103566,-0.9112714892875501
-0.907181240840254,-0.9118492911794506
-0.9062042012701514,-0.9118249374962943
-0.9052271617000489,-0.9116916580246001
-0.9042501221299463,-0.9115060443020561
-0.9032730825598436,-0.9113204305795121
-0.9022960429897411,-0.9111348168569681
-0.9013190034196386,-0.9109372643457425
-0.9003419638495359,-0.9107164095673899
-0.8993649242794333,-0.9104955547890371
-0.8983878847093307,-0.9112131157599384
-0.8974108451392282,-0.9119299106025477
-0.8964338055691256,-0.9120767402383937
-0.8954567659990229,-0.9114868632012159
-0.8944797264289204,-0.9110219435764165
-0.8935026868588178,-0.9102433067927559
-0.8925256472887152,-0.9103902100690635
-0.8915486077186126,-0.9110898819650176
-0.89057156814851,-0.9112719895092636
-0.8895945285784075,-0.9115539953706076
-0.8886174890083048,-0.9123037264771126
-0.8876404494382022,-0.9121227655964638
-0.8866634098680997,-0.9119418047158151
-0.8856863702979971,-0.9117608438351664
-0.8847093307278945,-0.9114651452549822
-0.8837322911577918,-0.9110756858075666
-0.8827552515876893,-0.910686226360151
-0.8817782120175868,-0.9104877263303555
-0.8808011724474841,-0.9118093670259292
-0.8798241328773815,-0.9116088264212232
-0.878847093307279,-0.9107782420117393
-0.8778700537371764,-0.9104907265778052
-0.8768930141670738,-0.9108994815101421
-0.8759159745969711,-0.9116071617007049
-0.8749389350268686,-0.9119392161595317
-0.8739618954567661,-0.9110001815803791
-0.8729848558866634,-0.9099209516847208
-0.8720078163165608,-0.9108998522352283
-0.8710307767464582,-0.9116146808000738
-0.8700537371763557,-0.9112685789450934
-0.8690766976062531,-0.910922477090113
-0.8680996580361504,-0.9101708396694896
-0.8671226184660479,-0.9096407180170315
-0.8661455788959453,-0.9114646811298175
-0.8651685393258427,-0.9116271153265448
-0.8641914997557401,-0.9108978592900376
-0.8632144601856375,-0.9112699736807403
-0.862237420615535,-0.91077154271342
-0.8612603810454323,-0.9108561111623785
-0.8602833414753297,-0.9109021704539609
-0.8593063019052272,-0.9116577129061376
-0.8583292623351246,-0.9110497309228476
-0.857352222765022,-0.9111558743491808
-0.8563751831949193,-0.9111815203780853
-0.8553981436248168,-0.9102700551084705
-0.8544211040547143,-0.910528261229829
-0.8534440644846116,-0.910026103751312
-0.852467024914509,-0.9104527487825664
-0.8514899853444065,-0.9114735132679195
-0.8505129457743039,-0.9105430153488614
-0.8495359062042013,-0.9104679741609145
-0.8485588666340986,-0.910269798297356
-0.8475818270639961,-0.9099074511556997
-0.8466047874938936,-0.9097141272451363
-0.8456277479237909,-0.909674604797481
-0.8446507083536883,-0.9097505938587804
-0.8436736687835857,-0.9101655647091393
-0.8426966292134832,-0.9093930680183292
-0.8417195896433806,-0.9098350433418084
-0.8407425500732779,-0.9091967932353875
-0.8397655105031754,-0.9086358000031259
-0.8387884709330728,-0.908918817385748
-0.8378114313629702,-0.9094484981764175
-0.8368343917928676,-0.9094453407156556
-0.835857352222765,-0.908745093571742
-0.8348803126526625,-0.9083743360918578
-0.8339032730825598,-0.9079933521446955
-0.8329262335124572,-0.9077217183692055
-0.8319491939423547,-0.9078992831730276
-0.8309721543722521,-0.9083726405097816
-0.8299951148021495,-0.9080661495116881
-0.8290180752320468,-0.9077829767211891
-0.8280410356619443,-0.9076484822788945
-0.8270639960918418,-0.9075229829884638
-0.8260869565217391,-0.9071667499038432
-0.8251099169516365,-0.9061886583628849
-0.824132877381534,-0.9062256758281166
-0.8231558378114314,-0.9057862941682038
-0.8221787982413288,-0.9053014943873688
-0.8212017586712261,-0.90539049693095
-0.8202247191011236,-0.9055842349560725
-0.8192476795310211,-0.9050288697371521
-0.8182706399609184,-0.9041876133131073
-0.8172936003908158,-0.9044118052590966
-0.8163165608207132,-0.9038952924603005
-0.8153395212506107,-0.9033346631874439
-0.8143624816805081,-0.9029042916112731
-0.8133854421104054,-0.9024673424338515
-0.8124084025403029,-0.9017698411631543
-0.8114313629702004,-0.9016708590530028
-0.8104543234000977,-0.9018659602100705
-0.8094772838299951,-0.9013619369960298
-0.8085002442598925,-0.9007500688976198
-0.80752320468979,-0.9011422152459128
-0.8065461651196874,-0.9001854807448268
-0.8055691255495847,-0.8989017573794443
-0.8045920859794822,-0.89899364558854
-0.8036150464093796,-0.8991158014539714
-0.802638006839277,-0.8979809680846202
-0.8016609672691744,-0.8976892981183097
-0.8006839276990718,-0.8974307147012498
-0.7997068881289693,-0.8963378809534955
-0.7987298485588666,-0.895231369090326
-0.797752808988764,-0.8946458471368234
-0.7967757694186615,-0.8933450045461969
-0.7957987298485589,-0.8926122188989688
-0.7948216902784563,-0.8920683517124375
-0.7938446507083536,-0.891661011794416
-0.7928676111382511,-0.8914112128623237
-0.7918905715681486,-0.8900035118304278
-0.7909135319980459,-0.8884261311453054
-0.7899364924279433,-0.8876863637201229
-0.7889594528578407,-0.8866430575656334
-0.7879824132877382,-0.8857114188919909
-0.7870053737176356,-0.8847875415529339
-0.7860283341475329,-0.8837773062914629
-0.7850512945774304,-0.8826324105510062
-0.7840742550073279,-0.8815461274301678
-0.7830972154372252,-0.8805651138031432
-0.7821201758671226,-0.8795124548002177
-0.78114313629702,-0.8785122733879224
-0.7801660967269175,-0.8773160882075766
-0.7791890571568149,-0.8761608657331142
-0.7782120175867122,-0.8751458793158723
-0.7772349780166097,-0.8741673625517965
-0.7762579384465071,-0.8729177930943027
-0.7752808988764045,-0.8718205009880862
-0.7743038593063019,-0.870883996331765
-0.7733268197361993,-0.8698141400131317
-0.7723497801660968,-0.8687440899128728
-0.7713727405959941,-0.867651105958124
-0.7703957010258915,-0.8665426501569761
-0.769418661455789,-0.8653880929601107
-0.7684416218856864,-0.8642640575304612
-0.7674645823155838,-0.8631947256942617
-0.7664875427454811,-0.8620126598208527
-0.7655105031753786,-0.8610743922027202
-0.7645334636052761,-0.8600520420003578
-0.7635564240351734,-0.8589646681246497
-0.7625793844650708,-0.8578694035052552
-0.7616023448949683,-0.8567779604106794
-0.7606253053248657,-0.8556879014072771
-0.7596482657547631,-0.8545877246956032
-0.7586712261846604,-0.8534698974669347
-0.7576941866145579,-0.8523809968171363
-0.7567171470444554,-0.851266004860186
-0.7557401074743527,-0.8502002245221203
-0.7547630679042501,-0.849090329948285
-0.7537860283341475,-0.8480177060552258
-0.752808988764045,-0.846942861379202
-0.7518319491939424,-0.8458094344148057
-0.7508549096238397,-0.8447362015726337
-0.7498778700537372,-0.8436672327553165
-0.7489008304836346,-0.8425785674427543
-0.747923790913532,-0.8414849033927903
-0.7469467513434294,-0.8403931253696947
-0.7459697117733268,-0.8392183375149329
-0.7449926722032243,-0.8381241295467499
-0.7440156326331216,-0.8370935631626333
-0.743038593063019,-0.8360226696461716
-0.7420615534929165,-0.8349114575761035
-0.7410845139228139,-0.8337929727650802
-0.7401074743527113,-0.8327338277182964
-0.7391304347826086,-0.8316588562205299
-0.7381533952125061,-0.8304851557105127
-0.7371763556424036,-0.8292647958559304
-0.7361993160723009,-0.8283768053640186
-0.7352222765021983,-0.8272827114224266
-0.7342452369320958,-0.8261967039263316
-0.7332681973619932,-0.8249866627255757
-0.7322911577918906,-0.8239505985208972
-0.7313141182217879,-0.8228863274566637
-0.7303370786516854,-0.8217828070831759
-0.7293600390815829,-0.8206558862955735
-0.7283829995114802,-0.8195539414916818
-0.7274059599413776,-0.8185325337872182
-0.726428920371275,-0.8173724162876256
-0.7254518808011725,-0.8161780189357901
-0.7244748412310699,-0.8151093558311527
-0.7234978016609672,-0.8140927317522787
-0.7225207620908647,-0.8130283019969916
-0.7215437225207622,-0.8118962245867889
-0.7205666829506595,-0.8108077518802355
-0.7195896433805569,-0.8096756960816975
-0.7186126038104543,-0.8085822870756768
-0.7176355642403518,-0.8076063220926698
-0.7166585246702492,-0.8064961887196794
-0.7156814851001465,-0.8053605144859981
-0.714704445530044,-0.8043016452930859
-0.7137274059599414,-0.8032652769623054
-0.7127503663898388,-0.802178161853298
-0.7117733268197362,-0.8010724271052546
-0.7107962872496336,-0.7999666923572113
-0.7098192476795311,-0.7988609576091681
-0.7088422081094284,-0.7977944561708356
-0.7078651685393258,-0.7967048584413396
-0.7068881289692233,-0.7954353955224995
-0.7059110893991207,-0.794467853937801
-0.7049340498290181,-0.7934341254390487
-0.7039570102589154,-0.7922940979487493
-0.7029799706888129,-0.7911459854381834
-0.7020029311187104,-0.7899978729276174
-0.7010258915486077,-0.788954114314209
-0.7000488519785051,-0.7879792782679288
-0.6990718124084025,-0.7868907402383597
-0.6980947728383,-0.7857979491225694
-0.6971177332681974,-0.7847051580067789
-0.6961406936980947,-0.7835765132953458
-0.6951636541279922,-0.7825032183724332
-0.6941866145578897,-0.7812880097880758
-0.693209574987787,-0.7801227519394971
-0.6922325354176844,-0.7791102032236582
-0.6912554958475818,-0.7781427998802934
-0.6902784562774793,-0.7769892594753399
-0.6893014167073767,-0.7758045441580932
-0.688324377137274,-0.7746703286488514
-0.6873473375671715,-0.7736628582766638
-0.686370297997069,-0.7725707143752845
-0.6853932584269663,-0.7714906132245218
-0.6844162188568637,-0.7704139259722567
-0.6834391792867611,-0.7693372387199917
-0.6824621397166586,-0.7682995237925209
-0.6814851001465559,-0.767138470411513
-0.6805080605764533,-0.765958396582173
-0.6795310210063508,-0.7649358897043746
-0.6785539814362482,-0.7639482890815308
-0.6775769418661456,-0.7628531452413077
-0.6765999022960429,-0.7617166370978413
-0.6756228627259404,-0.7604848855565478
-0.6746458231558379,-0.7594271556678998
-0.6736687835857352,-0.758483611265412
-0.6726917440156326,-0.7574011817824052
-0.67171470444553,-0.7561529313381439
-0.6707376648754275,-0.7550548965276968
-0.6697606253053249,-0.7540653870758829
-0.6687835857352222,-0.753030090837073
-0.6678065461651197,-0.7518189382431838
-0.6668295065950172,-0.7506230763321379
-0.6658524670249145,-0.7495806219717799
-0.6648754274548119,-0.7485893423957241
-0.6638983878847093,-0.7475243561356757
-0.6629213483146068,-0.7464676713588028
-0.6619443087445042,-0.7453760931679282
-0.6609672691744015,-0.7442845149770535
-0.659990229604299,-0.7431969587025492
-0.6590131900341964,-0.7420441545416067
-0.6580361504640938,-0.7408851920071486
-0.6570591108939912,-0.739737078310196
-0.6560820713238886,-0.7386705793726083
-0.6551050317537861,-0.737712696844244
-0.6541279921836834,-0.7366471902083924
-0.6531509526135808,-0.735554271320053
-0.6521739130434783,-0.7344618678935733
-0.6511968734733757,-0.7333694644670935
-0.6502198339032731,-0.7322825956153498
-0.6492427943331704,-0.7311835881410069
-0.6482657547630679,-0.7300576335801806
-0.6472887151929654,-0.728930462148205
-0.6463116756228627,-0.7278032907162292
-0.6453346360527601,-0.7267027373107677
-0.6443575964826576,-0.7256146672467465
-0.643380556912555,-0.7245481770732272
-0.6424035173424524,-0.7234910762318627
-0.6414264777723497,-0.7224339753904983
-0.6404494382022472,-0.721357453087832
-0.6394723986321447,-0.7202150219069087
-0.638495359062042,-0.7190974438792973
-0.6375183194919394,-0.7179842265580347
-0.6365412799218368,-0.7168752356513243
-0.6355642403517343,-0.7158469735969692
-0.6345872007816317,-0.7146901068077778
-0.633610161211529,-0.7135150705576969
-0.6326331216414265,-0.7125340650799349
-0.631656082071324,-0.7115234441621554
-0.6306790425012213,-0.7104366100106005
-0.6297020029311187,-0.7093477357177653
-0.6287249633610161,-0.7082208328987651
-0.6277479237909136,-0.707093930079765
-0.626770884220811,-0.7059670272607645
-0.6257938446507083,-0.7049408431627681
-0.6248168050806058,-0.7037729912721159
-0.6238397655105032,-0.7026733163267174
-0.6228627259404006,-0.7015800694143765
-0.621885686370298,-0.7005586243850191
-0.6209086468001954,-0.6995162170269643
-0.6199316072300929,-0.6984222878752194
-0.6189545676599902,-0.6972478909982539
-0.6179775280898876,-0.6961781532923134
-0.6170004885197851,-0.6951428102555531
-0.6160234489496825,-0.6940507703128194
-0.6150464093795799,-0.6929672514289774
-0.6140693698094772,-0.6918758206615299
-0.6130923302393747,-0.690664644626068
-0.6121152906692722,-0.6894891717373057
-0.6111382510991695,-0.6885929599314999
-0.6101612115290669,-0.6875006524779126
-0.6091841719589643,-0.6863836164876045
-0.6082071323888618,-0.6852665804972963
-0.6072300928187592,-0.6841495445069881
-0.6062530532486565,-0.6831317076727139
-0.605276013678554,-0.6819545299955245
-0.6042989741084515,-0.6808269931298561
-0.6033219345383488,-0.6797352059070887
-0.6023448949682462,-0.6786434186843213
-0.6013678553981436,-0.6775535848628759
-0.6003908158280411,-0.6765602189754708
-0.5994137762579385,-0.6754928244019628
-0.5984367366878358,-0.6744007077294982
-0.5974596971177333,-0.6733085910570337
-0.5964826575476307,-0.6722164743845692
-0.5955056179775281,-0.6711219561104674
-0.5945285784074255,-0.6700294136673062
-0.5935515388373229,-0.6689381283336666
-0.5925744992672204,-0.6678468430000271
-0.5915974596971177,-0.6667555576663875
-0.5906204201270151,-0.6654368594207654
-0.5896433805569126,-0.6643389102065711
-0.58866634098681,-0.6632865230161218
-0.5876893014167074,-0.662246404549918
-0.5867122618466047,-0.6612062860837143
-0.5857352222765022,-0.6601661676175107
-0.5847581827063997,-0.6590291854564968
-0.583781143136297,-0.657851163235201
-0.5828041035661944,-0.656709059198469
-0.5818270639960919,-0.6557240109070923
-0.5808500244259893,-0.6547404525521376
-0.5798729848558867,-0.6536449162606875
-0.578895945285784,-0.6525148658405098
-0.5779189057156815,-0.651384815420332
-0.576941866145579,-0.6502547650001542
-0.5759648265754763,-0.6492708430344746
-0.5749877870053737,-0.6481410791337912
-0.5740107474352711,-0.6469950382765339
-0.5730337078651686,-0.6458489974192767
-0.572056668295066,-0.6447029565620193
-0.5710796287249633,-0.643575479753913
-0.5701025891548608,-0.6424821233175861
-0.5691255495847583,-0.6413908479778062
-0.5681485100146556,-0.6403529763942
-0.567171470444553,-0.6393413931217166
-0.5661944308744504,-0.6383298098492333
-0.5652173913043479,-0.6372175492985375
-0.5642403517342452,-0.6360441427514553
-0.5632633121641426,-0.634870736204373
-0.5622862725940401,-0.6339391852162188
-0.5613092330239375,-0.6328980458302542
-0.5603321934538349,-0.6318065077624644
-0.5593551538837322,-0.6307139549700072
-0.5583781143136297,-0.6296185725210786
-0.5574010747435272,-0.6284864868632719
-0.5564240351734245,-0.6273426530380997
-0.5554469956033219,-0.6261988192129274
-0.5544699560332194,-0.6250885629328766
-0.5534929164631168,-0.6239283825849663
-0.5525158768930142,-0.6228743751159664
-0.5515388373229115,-0.621854759544949
-0.550561797752809,-0.6208351439739316
-0.5495847581827065,-0.6195460776516339
-0.5486077186126038,-0.6185126901654101
-0.5476306790425012,-0.6174793026791863
-0.5466536394723986,-0.6164459151929627
-0.5456765999022961,-0.6154125277067389
-0.5446995603321935,-0.6143279043609292
-0.5437225207620908,-0.6132364054780581
-0.5427454811919883,-0.6121450397171846
-0.5417684416218858,-0.6110538890509402
-0.5407914020517831,-0.6099627383846955
-0.5398143624816805,-0.6088715877184508
-0.5388373229115779,-0.6077386691608847
-0.5378602833414754,-0.6065291210613563
-0.5368832437713728,-0.6053572818535485
-0.5359062042012701,-0.6042571395384543
-0.5349291646311676,-0.6031590346527491
-0.533952125061065,-0.6020666733147086
-0.5329750854909624,-0.6009780689639294
-0.5319980459208598,-0.5999043488384469
-0.5310210063507572,-0.5988306287129644
-0.5300439667806547,-0.597756908587482
-0.529066927210552,-0.5966831884619995
-0.5280898876404494,-0.595609468336517
-0.5271128480703469,-0.5945357482110346
-0.5261358085002443,-0.5934238467740871
-0.5251587689301417,-0.5922765389621402
-0.524181729360039,-0.5911365530385146
-0.5232046897899365,-0.5901210618888201
-0.522227650219834,-0.5891055707391255
-0.5212506106497313,-0.5880900795894307
-0.5202735710796287,-0.5870308760018456
-0.5192965315095261,-0.5859382136383735
-0.5183194919394236,-0.5848449907914498
-0.517342452369321,-0.5836648229613909
-0.5163654127992183,-0.5824846551313321
-0.5153883732291158,-0.5813318178736876
-0.5144113336590133,-0.5803307128005306
-0.5134342940889106,-0.5793296077273735
-0.512457254518808,-0.5781605395536655
-0.5114802149487054,-0.5770849440483832
-0.5105031753786029,-0.576056430949133
-0.5095261358085003,-0.5750017261888035
-0.5085490962383976,-0.5738175204837149
-0.5075720566682951,-0.5726333147786264
-0.5065950170981925,-0.5714807223388084
-0.5056179775280899,-0.5703929336758191
-0.5046409379579873,-0.569305443637051
-0.5036638983878847,-0.5682398182393985
-0.5026868588177822,-0.5671827982768458
-0.5017098192476795,-0.5661257783142929
-0.5007327796775769,-0.5650687583517401
-0.49975574010747437,-0.5640117383891874
-0.49877870053737183,-0.5629547184266346
-0.4978016609672692,-0.5618976984640818
-0.49682462139716654,-0.5608177582673978
-0.495847581827064,-0.5597245096372191
-0.4948705422569615,-0.558632646576567
-0.49389350268685883,-0.5575417720920766
-0.4929164631167562,-0.5561937507506531
-0.49193942354665365,-0.5551060582686465
-0.4909623839765511,-0.5541282150243583
-0.4899853444064485,-0.55315037178007
-0.48900830483634583,-0.5520767119102646
-0.4880312652662433,-0.550983675862093
-0.48705422569614076,-0.5498563126692375
-0.4860771861260381,-0.548718259326313
-0.4851001465559355,-0.5475802059833885
-0.48412310698583294,-0.5464421526404641
-0.4831460674157304,-0.5453040992975398
-0.48216902784562776,-0.5442223892354383
-0.4811919882755251,-0.5432183671695888
-0.4802149487054226,-0.5422143451037396
-0.47923790913532005,-0.5409281262759329
-0.4782608695652174,-0.5398947992016088
-0.47728382999511476,-0.5388773742120071
-0.4763067904250122,-0.5378449501972445
-0.4753297508549097,-0.5367831860609041
-0.47435271128480705,-0.5356428019258818
-0.4733756717147044,-0.5345024177908594
-0.47239863214460187,-0.5333620336558371
-0.47142159257449934,-0.5322216495208149
-0.4704445530043967,-0.5310812653857926
-0.46946751343429405,-0.5299662808560903
-0.4684904738641915,-0.528903755649929
-0.467513434294089,-0.5279253614320636
-0.46653639472398634,-0.5269469672141982
-0.4655593551538837,-0.5258664329812563
-0.46458231558378116,-0.5247744606358214
-0.4636052760136786,-0.5236824882903865
-0.462628236443576,-0.5225905159449515
-0.46165119687347334,-0.5214985435995166
-0.4606741573033708,-0.5204067965463798
-0.45969711773326827,-0.5193154114325812
-0.4587200781631656,-0.5182240263187825
-0.457743038593063,-0.5170279840125597
-0.45676599902296044,-0.5157920109901227
-0.4557889594528579,-0.5146846743386145
-0.45481191988275527,-0.5137275236945912
-0.4538348803126526,-0.5127542350105453
-0.4528578407425501,-0.511484048798578
-0.45188080117244755,-0.5103119868665318
-0.4509037616023449,-0.5092205585062518
-0.44992672203224227,-0.5081291301459718
-0.44894968246213973,-0.507037701785692
-0.4479726428920372,-0.5059462734254121
-0.44699560332193455,-0.5048548450651321
-0.4460185637518319,-0.5037634167048521
-0.4450415241817294,-0.5026719883445724
-0.44406448461162684,-0.5015805599842925
-0.4430874450415242,-0.5004891316240125
-0.44211040547142155,-0.499486383237351
-0.441133365901319,-0.49850670370627836
-0.4401563263312165,-0.49746891040886576
-0.43917928676111384,-0.4963792375212367
-0.4382022471910112,-0.49529066436438013
-0.43722520762090866,-0.49418669219678607
-0.43624816805080613,-0.49307064090598857
-0.4352711284807035,-0.4919545896151909
-0.43429408891060084,-0.4908385383243933
-0.4333170493404983,-0.4897224870335957
-0.4323400097703958,-0.4886064357427982
-0.4313629702002931,-0.48760761244869916
-0.4303859306301905,-0.48647008880384307
-0.42940889106008795,-0.48526857223636105
-0.4284318514899854,-0.48419765319724756
-0.42745481191988277,-0.4830317295105847
-0.4264777723497801,-0.48215045657196925
-0.4255007327796776,-0.4808364336948758
-0.42452369320957506,-0.47972273652534836
-0.4235466536394724,-0.4786283988765933
-0.42256961406936977,-0.4775572865959483
-0.42159257449926724,-0.47671740530826906
-0.4206155349291647,-0.475546527494929
-0.41963849535906206,-0.47437564968158874
-0.4186614557889594,-0.4732047718682485
-0.4176844162188569,-0.47212906365819296
-0.41670737664875435,-0.47111135163706835
-0.4157303370786517,-0.47009363961594364
-0.41475329750854906,-0.46907592759481886
-0.4137762579384465,-0.467719685344136
-0.412799218368344,-0.4666880910303689
-0.41182217879824135,-0.46565649671660164
-0.4108451392281387,-0.46462490240283444
-0.40986809965803617,-0.46359330808906735
-0.40889106008793363,-0.4624490116862827
-0.407914020517831,-0.46125083334766676
-0.40693698094772834,-0.46007403171414174
-0.4059599413776258,-0.45911643291275867
-0.4049829018075233,-0.4581579765816621
-0.40400586223742063,-0.4570629861735201
-0.403028822667318,-0.45596967797034194
-0.40205178309721545,-0.4548795902104488
-0.4010747435271129,-0.4537871930190182
-0.4000977039570103,-0.45269479582758737
-0.39912066438690763,-0.4516023986361566
-0.3981436248168051,-0.4505100014447259
-0.39716658524670256,-0.4493640005315383
-0.3961895456765999,-0.4481379697965355
-0.3952125061064973,-0.4470811770921498
-0.39423546653639474,-0.44614563891092596
-0.3932584269662922,-0.44505323252195195
-0.39228138739618956,-0.4439608261329778
-0.3913043478260869,-0.44278708220339447
-0.3903273082559844,-0.4415336104606143
-0.38935026868588185,-0.4404040448566707
-0.3883732291157792,-0.439348086530377
-0.38739618954567656,-0.438296022879103
-0.38641914997557403,-0.43724395922782916
-0.3854421104054715,-0.4361918955765553
-0.38446507083536885,-0.43513983192528133
-0.3834880312652662,-0.43408776827400736
-0.38251099169516367,-0.4330314178202056
-0.38153395212506114,-0.4319410195480054
-0.3805569125549585,-0.43085062127580503
-0.37957987298485585,-0.42965825365500865
-0.3786028334147533,-0.4284144933978642
-0.3776257938446508,-0.4272950997423898
-0.37664875427454814,-0.426200053098618
-0.3756717147044455,-0.4251050064548463
-0.37469467513434296,-0.42423129390048514
-0.3737176355642404,-0.4231595952513745
-0.3727405959941378,-0.42199812714007184
-0.37176355642403514,-0.42083665902876927
-0.3707865168539326,-0.41967519091746686
-0.36980947728383007,-0.41865609895394634
-0.3688324377137274,-0.41771953305978976
-0.3678553981436248,-0.4166545543586665
-0.36687835857352225,-0.4155595941965196
-0.3659013190034197,-0.4144646340343727
-0.36492427943331707,-0.41337361179011717
-0.3639472398632144,-0.4122828011278216
-0.3629702002931119,-0.4111919904655262
-0.36199316072300936,-0.4100080433622398
-0.3610161211529067,-0.4088239792629865
-0.36003908158280407,-0.40777363793859717
-0.35906204201270153,-0.4066813824585507
-0.358085002442599,-0.4055891269785042
-0.35710796287249635,-0.4044968714984576
-0.3561309233023937,-0.4034901333309224
-0.3551538837322912,-0.40244960190576956
-0.35417684416218864,-0.40136017878907027
-0.353199804592086,-0.4002702639069182
-0.35222276502198335,-0.39918009232422696
-0.3512457254518808,-0.3980899207415358
-0.3502686858817783,-0.39687196489499
-0.34929164631167564,-0.39571793134603456
-0.348314606741573,-0.3945814084479816
-0.34733756717147046,-0.3934448855499289
-0.34636052760136793,-0.39239382065050904
-0.3453834880312653,-0.3913639373305461
-0.34440644846116264,-0.39044256562203605
-0.3434294088910601,-0.3893508094357453
-0.3424523693209576,-0.38825905324945453
-0.34147532975085493,-0.3871672970631636
-0.3404982901807523,-0.38607554087687274
-0.33952125061064975,-0.3849837846905819
-0.3385442110405472,-0.3838880147417292
-0.33756717147044457,-0.3827865999171408
-0.3365901319003419,-0.38162272719248574
-0.3356130923302394,-0.38045885446783073
-0.33463605276013686,-0.3792949817431758
-0.3336590131900342,-0.37817504241296485
-0.33268197361993157,-0.3772038844211261
-0.33170493404982904,-0.3762327264292875
-0.3307278944797265,-0.3748909483155164
-0.32975085490962386,-0.37380028468634935
-0.3287738153395212,-0.37273795263749077
-0.3277967757694187,-0.37167562058863224
-0.32681973619931615,-0.3706695158923319
-0.3258426966292135,-0.36967373862978703
-0.32486565705911086,-0.3685402139289027
-0.3238886174890083,-0.3673753270455733
-0.3229115779189058,-0.3663233419393459
-0.32193453834880315,-0.3652967443435295
-0.3209574987787005,-0.36420180445900757
-0.31998045920859797,-0.3630553271971811
-0.31900341963849543,-0.36190884993535466
-0.3180263800683928,-0.3607623726735281
-0.31704934049829014,-0.3597077873655963
-0.3160723009281876,-0.3586625324356506
-0.3150952613580851,-0.35761785951076874
-0.31411822178798243,-0.3565731865858867
-0.3131411822178798,-0.35548848205634526
-0.31216414264777725,-0.3543932592337233
-0.3111871030776747,-0.3533035762037328
-0.3102100635075721,-0.3522138931737422
-0.30923302393746943,-0.35112269432891346
-0.3082559843673669,-0.3500290800310201
-0.30727894479726436,-0.3487425331304048
-0.3063019052271617,-0.34768550018461836
-0.3053248656570591,-0.34652805329235625
-0.30434782608695654,-0.3454644203418958
-0.303370786516854,-0.34457252292027873
-0.30239374694675136,-0.3434766993739417
-0.3014167073766487,-0.3423548482921349
-0.3004396678065462,-0.34115670856468083
-0.29946262823644365,-0.3399585688372267
-0.298485588666341,-0.33895676321727847
-0.29750854909623836,-0.3377846698187238
-0.29653150952613583,-0.3369214351244682
-0.2955544699560333,-0.3358044137035446
-0.29457743038593065,-0.33460412327928196
-0.293600390815828,-0.3334038328550194
-0.29262335124572547,-0.3323815950063908
-0.29164631167562294,-0.3314645729718844
-0.2906692721055203,-0.33037295122046434
-0.28969223253541765,-0.3292398162142039
-0.2887151929653151,-0.32790666057523854
-0.2877381533952126,-0.32690513813794214
-0.28676111382510994,-0.32590361570064563
-0.2857840742550073,-0.32490209326334907
-0.28480703468490476,-0.3237895458788749
-0.2838299951148022,-0.3225215167369942
-0.2828529555446996,-0.3213452390199211
-0.28187591597459694,-0.3202511950805069
-0.2808988764044944,-0.31915687280358035
-0.27992183683439187,-0.31806255052665383
-0.2789447972642892,-0.3170233102625694
-0.2779677576941866,-0.3161454615325855
-0.27699071812408405,-0.31501288855234616
-0.2760136785539815,-0.3138344769102293
-0.27503663898387887,-0.31265606526811224
-0.2740595994137762,-0.31169333631767165
-0.2730825598436737,-0.3105788354342274
-0.27210552027357116,-0.30958883111237834
-0.2711284807034685,-0.3085281989606797
-0.27015144113336587,-0.30743325194983645
-0.26917440156326333,-0.3063386905496512
-0.2681973619931608,-0.30524867244490084
-0.26722032242305815,-0.3041605828990624
-0.2662432828529555,-0.3030619547121784
-0.265266243282853,-0.30196987926448016
-0.26428920371275044,-0.3008781130705051
-0.2633121641426478,-0.29978634687652994
-0.26233512457254515,-0.2986953899236053
-0.2613580850024426,-0.2976062713960894
-0.2603810454323401,-0.2965171528685735
-0.25940400586223744,-0.29528890697937793
-0.2584269662921348,-0.2940411725037998
-0.25744992672203226,-0.29294610222017387
-0.25647288715192973,-0.2918556962548927
-0.2554958475818271,-0.29093206192959425
-0.25451880801172444,-0.2897970653967623
-0.2535417684416219,-0.28863541494036404
-0.2525647288715194,-0.28747965398165354
-0.25158768930141673,-0.28638837398969486
-0.2506106497313141,-0.2852970939977361
-0.24963361016121155,-0.28420581400577755
-0.24865657059110902,-0.283114534013819
-0.24767953102100637,-0.2820232540218603
-0.24670249145090373,-0.28093197402990155
-0.2457254518808012,-0.279840694037943
-0.24474841231069866,-0.2787494140459844
-0.24377137274059602,-0.27765813405402573
-0.24279433317049337,-0.27660191359589215
-0.24181729360039084,-0.2756163846756166
-0.2408402540302883,-0.2746308557553411
-0.23986321446018566,-0.2732847942481258
-0.23888617489008301,-0.27218969021156353
-0.23790913531998048,-0.27109458617500143
-0.23693209574987795,-0.2700550556240404
-0.2359550561797753,-0.269109159777442
-0.23497801660967266,-0.2680753945874638
-0.23400097703957012,-0.2668510830136664
-0.2330239374694676,-0.265659719561948
-0.23204689789936495,-0.26479787507290437
-0.2310698583292623,-0.26363847440964083
-0.23009281875915977,-0.26242418114584143
-0.22911577918905723,-0.261414570620869
-0.2281387396189546,-0.2602306222244343
-0.22716170004885194,-0.2591795992516371
-0.2261846604787494,-0.25827154596388135
-0.22520762090864688,-0.2571984819110172
-0.22423058133854423,-0.2561010058804996
-0.2232535417684416,-0.2549293740380224
-0.22227650219833905,-0.2537284735052788
-0.22129946262823652,-0.25253448310680926
-0.22032242305813388,-0.2514419749243833
-0.21934538348803123,-0.2503494667419573
-0.2183683439179287,-0.24925695855953145
-0.21739130434782616,-0.2481789936774003
-0.21641426477772352,-0.24715728613123072
-0.21543722520762087,-0.2461355785850612
-0.21446018563751834,-0.24511387103889173
-0.2134831460674158,-0.24407033450853355
-0.21250610649731316,-0.24283662947101628
-0.21152906692721052,-0.24161122889644468
-0.21055202735710798,-0.24060176653045454
-0.20957498778700545,-0.2395923041644644
-0.2085979482169028,-0.23858284179847414
-0.20762090864680016,-0.237429155958658
-0.20664386907669763,-0.23614777825819036
-0.2056668295065951,-0.235056704221135
-0.20468978993649245,-0.23403325686587573
-0.2037127503663898,-0.23300980951061645
-0.20273571079628727,-0.2319610812794905
-0.20175867122618474,-0.2309097565842839
-0.2007816316560821,-0.22985843188907715
-0.19980459208597945,-0.2287954778825826
-0.19882755251587692,-0.22770784123490656
-0.19785051294577438,-0.22649455730503754
-0.19687347337567174,-0.22524550623120076
-0.1958964338055691,-0.22428867273346118
-0.19491939423546656,-0.22324377863051617
-0.19394235466536403,-0.22219888452757114
-0.19296531509526138,-0.221153990424626
-0.19198827552515874,-0.22006331854801484
-0.1910112359550562,-0.21897226564784225
-0.19003419638495367,-0.2178598950141413
-0.18905715681485102,-0.21668402043786258
-0.18808011724474838,-0.2155081458615839
-0.18710307767464585,-0.2143322712853053
-0.1861260381045433,-0.2132607035430875
-0.18514899853444067,-0.2121486461862565
-0.18417195896433802,-0.21124338477738216
-0.1831949193942355,-0.2099521532087374
-0.18221787982413296,-0.20900310867288202
-0.1812408402540303,-0.20803116019221368
-0.18026380068392767,-0.2067730680261815
-0.17928676111382513,-0.2056675124722292
-0.1783097215437226,-0.2045859338485958
-0.17733268197361995,-0.2035043552249623
-0.1763556424035173,-0.20242277660132876
-0.17537860283341478,-0.20133867209161307
-0.17440156326331224,-0.2001775409762093
-0.1734245236932096,-0.19901640986080538
-0.17244748412310695,-0.19820024694822058
-0.17147044455300442,-0.19711947981469027
-0.17049340498290189,-0.19598804357284966
-0.16951636541279924,-0.1948566073310089
-0.1685393258426966,-0.19372517108916812
-0.16756228627259406,-0.1925937348473275
-0.16658524670249153,-0.19146229860548686
-0.16560820713238888,-0.1903308623636461
-0.16463116756228624,-0.18919942612180535
-0.1636541279921837,-0.18815940375642037
-0.16267708842208117,-0.18718778044724496
-0.16170004885197853,-0.18620541063018492
-0.16072300928187588,-0.18511320592550448
-0.15974596971177335,-0.18400321683956553
-0.15876893014167082,-0.18271693206920406
-0.15779189057156817,-0.1815322379662184
-0.15681485100146553,-0.18044246131150926
-0.155837811431363,-0.1793589080556339
-0.15486077186126046,-0.17855142469468777
-0.15388373229115782,-0.17738975819858155
-0.15290669272105517,-0.17622809170247533
-0.15192965315095264,-0.17506642520636922
-0.1509526135808501,-0.17390475871026315
-0.14997557401074746,-0.17279623193807864
-0.14899853444064481,-0.1717654022634648
-0.14802149487054228,-0.17073534428224238
-0.14704445530043975,-0.16970528630101994
-0.1460674157303371,-0.1686752283197974
-0.14509037616023446,-0.16763198062424092
-0.14411333659013192,-0.1665410993113752
-0.1431362970200294,-0.16545021799850945
-0.14215925744992675,-0.16431112472715495
-0.1411822178798241,-0.16314718325843275
-0.14020517830972157,-0.16197463870782705
-0.13922813873961903,-0.1609562001580063
-0.1382510991695164,-0.15993714792860694
-0.13727405959941374,-0.15889349273016726
-0.1362970200293112,-0.1578032399412487
-0.13531998045920868,-0.15670876925384625
-0.13434294088910603,-0.15555021397244395
-0.1333659013190034,-0.15430887055215414
-0.13238886174890085,-0.15314090260635252
-0.13141182217879832,-0.15226684069987995
-0.13043478260869568,-0.15116405646129813
-0.12945774303859303,-0.14999756599104294
-0.1284807034684905,-0.14905433291455955
-0.12750366389838796,-0.14792878854585534
-0.12652662432828532,-0.14680324417715102
-0.12554958475818268,-0.14567769980844666
-0.12457254518808014,-0.14455216467534776
-0.12359550561797761,-0.14345780928826463
-0.12261846604787496,-0.14240306859927276
-0.12164142647777232,-0.1413483279102809
-0.12066438690766979,-0.14029358722128918
-0.11968734733756725,-0.13923884653229743
-0.1187103077674646,-0.13814690624594186
-0.11773326819736196,-0.1370431081047495
-0.11675622862725943,-0.13576361861345018
-0.1157791890571569,-0.13457017636625104
-0.11480214948705425,-0.13349817292952454
-0.1138251099169516,-0.13243237599435553
-0.11284807034684907,-0.13136657905918664
-0.11187103077674654,-0.13030078212401777
-0.1108939912066439,-0.12923498518884877
-0.10991695163654125,-0.12818015881098033
-0.10893991206643872,-0.12716545221041667
-0.10796287249633618,-0.12609198013866252
-0.10698583292623354,-0.12486952800907519
-0.10600879335613089,-0.12364737340300919
-0.10503175378602836,-0.1225566562839557
-0.10405471421592583,-0.12146593916490223
-0.10307767464582318,-0.12037957553474159
-0.10210063507572054,-0.11933530684009941
-0.101123595505618,-0.11829103814545736
-0.10014655593551547,-0.1172463268452115
-0.09916951636541282,-0.11608089385367514
-0.09819247679531018,-0.11491546086213877
-0.09721543722520765,-0.11381199166498074
-0.09623839765510511,-0.11275559150157698
-0.09526135808500247,-0.11172955721530932
-0.09428431851489982,-0.11071975854702418
-0.09330727894479729,-0.10949081757152845
-0.09233023937469476,-0.1085100455119389
-0.09135319980459211,-0.10752927345234924
-0.09037616023448947,-0.106468836313577
-0.08939912066438693,-0.10537417247602411
-0.0884220810942844,-0.10428526159822923
-0.08744504152418175,-0.10319695978946596
-0.08646800195407911,-0.10210154543797059
-0.08549096238397658,-0.10101017251158598
-0.08451392281387404,-0.09992177825875408
-0.0835368832437714,-0.09877727306960357
-0.08255984367366875,-0.09755220388547697
-0.08158280410356622,-0.09634072065640006
-0.08060576453346369,-0.09525014557142764
-0.07962872496336104,-0.09415775167794273
-0.0786516853932584,-0.09306679617225613
-0.07767464582315586,-0.09214696952609093
-0.07669760625305333,-0.09118037304102858
-0.07572056668295069,-0.09005543696440224
-0.07474352711284804,-0.0888896901318565
-0.0737664875427455,-0.0877239432993109
-0.07278944797264297,-0.08655819646676528
-0.07181240840254033,-0.08544210162895471
-0.07083536883243768,-0.08443754199791324
-0.06985832926233515,-0.08343298236687187
-0.06888128969223262,-0.0824284227358305
-0.06790425012212997,-0.08105067745348626
-0.06692721055202733,-0.07995796329262896
-0.0659501709819248,-0.07886524913177177
-0.06497313141182226,-0.07777253497091458
-0.06399609184171962,-0.07670712718828228
-0.06301905227161697,-0.07565419396755464
-0.06204201270151444,-0.07458154064356347
-0.061064973131411904,-0.07341027278059893
-0.06008793356130926,-0.07230910995207836
-0.059110893991206614,-0.0712172739422502
-0.05813385442110408,-0.07012543793242217
-0.05715681485100155,-0.06903360192259413
-0.0561797752808989,-0.06794176591276596
-0.05520273571079626,-0.06684976044128461
-0.054225696140693724,-0.06575725380398093
-0.05324865657059119,-0.06467514274200761
-0.052271617000488546,-0.06367385736944917
-0.0512945774303859,-0.0626725719968907
-0.05031753786028337,-0.061671286624332355
-0.049340498290180834,-0.060448879765493006
-0.04836345872007819,-0.059400506420750274
-0.047386419149975545,-0.058111121985883266
-0.04640937957987301,-0.057014248525451686
-0.04543234000977048,-0.056148535615259114
-0.04445530043966783,-0.05495067591530678
-0.04347826086956519,-0.053982931825217045
-0.042501221299462655,-0.05292387688091232
-0.04152418172936012,-0.05175486604816058
-0.04054714215925748,-0.05058585521540871
-0.03957010258915483,-0.04941684438265684
-0.0385930630190523,-0.04833069583656847
-0.037616023448949765,-0.04733605820364379
-0.03663898387884712,-0.04615961012696295
-0.035661944308744475,-0.045079582451277675
-0.03468490473864194,-0.04420795499367416
-0.03370786516853941,-0.043057285769027
-0.032730825598436764,-0.04190073912454813
-0.03175378602833412,-0.04063268195141753
-0.030776746458231585,-0.0395492766756521
-0.02979970688812905,-0.03853160344204566
-0.028822667318026407,-0.037513930208439114
-0.027845627747923762,-0.036496256974832574
-0.02686858817782123,-0.035474656459086956
-0.025891548607718695,-0.03438446427045413
-0.02491450903761605,-0.03299695251716676
-0.023937469467513406,-0.03189596758537749
-0.022960429897410872,-0.030802651282167567
-0.02198339032730834,-0.02970933497895765
-0.021006350757205694,-0.02861601867574761
-0.02002931118710305,-0.02752682304576468
-0.019052271617000516,-0.026466188775149044
-0.018075232046897982,-0.025405554504533412
-0.017098192476795337,-0.024344920233917655
-0.016121152906692693,-0.0232842859633019
-0.01514411333659016,-0.022218025382713228
-0.014167073766487626,-0.021128113956274154
-0.013190034196384981,-0.020072682458421153
-0.012212994626282336,-0.019090801328891457
-0.011235955056179803,-0.01798916086587819
-0.010258915486077269,-0.016788419178480347
-0.009281875915974624,-0.015600762018991425
-0.00830483634587198,-0.014435133601130919
-0.007327796775769446,-0.013478499499421181
-0.006350757205666913,-0.012539427481844298
-0.005373717635564268,-0.011388797543106389
-0.004396678065461623,-0.010154546653098754
-0.0034196384953590897,-0.008965097471484518
-0.002442598925256556,-0.007872742713884332
-0.0014655593551539114,-0.006780387956284023
-0.0004885197850512668,-0.005688033198683713
0.0004885197850512668,-0.004600757340771359
0.0014655593551538004,-0.0036380684791503977
0.002442598925256334,-0.002651582197125188
0.0034196384953590897,-0.0014686377923462787
0.004396678065461623,-0.00038049403843654203
0.005373717635564157,0.0005819591010139177
0.006350757205666913,0.0019664273104544067
0.007327796775769446,0.00305682530893719
0.00830483634587198,0.004147223307419973
0.009281875915974513,0.005237621305902758
0.010258915486077047,0.00632801930438554
0.011235955056179803,0.0073042060054658384
0.012212994626282336,0.008431208405598937
0.01319003419638487,0.009365134924861927
0.014167073766487626,0.010547930378661393
0.01514411333659016,0.011641892289213045
0.016121152906692693,0.012624600899782498
0.017098192476795226,0.013784899273197662
0.01807523204689776,0.015020006758889065
0.019052271617000516,0.015935166982772857
0.02002931118710305,0.01706682660450892
0.021006350757205583,0.018194500412961702
0.02198339032730834,0.01929777097823915
0.022960429897410872,0.02043639849040446
0.023937469467513406,0.021575026002569775
0.02491450903761594,0.022704343025084412
0.025891548607718473,0.02368410100006426
0.02686858817782123,0.024831975228277636
0.027845627747923762,0.025939535578386987
0.028822667318026296,0.026931365164242813
0.02979970688812905,0.027892303299945923
0.030776746458231585,0.029127314301894698
0.03175378602833412,0.030327634235563655
0.03273082559843665,0.03131028801152485
0.033707865168539186,0.03224297030006042
0.03468490473864194,0.03340545964434653
0.035661944308744475,0.03456794898863238
0.03663898387884701,0.03567033175685878
0.037616023448949765,0.03676282392394742
0.0385930630190523,0.03771613137632652
0.03957010258915483,0.03909781993062271
0.040547142159257366,0.040186759193064484
0.0415241817293599,0.04122080077719572
0.042501221299462655,0.04207212845665479
0.04347826086956519,0.04322421480943278
0.04445530043966772,0.04456055209158216
0.04543234000977048,0.04561015132756959
0.04640937957987301,0.04663105591227163
0.047386419149975545,0.047651960496973664
0.04836345872007808,0.048672865081675704
0.04934049829018061,0.049733341314443694
0.05031753786028337,0.05089232912097448
0.0512945774303859,0.05204606219699199
0.052271617000488435,0.053116839260304465
0.05324865657059119,0.05418761632361718
0.054225696140693724,0.05531710825534416
0.05520273571079626,0.05627252403818551
0.05617977528089879,0.0573635216079626
0.057156814851001325,0.05845495178221494
0.05813385442110408,0.059544765286618034
0.059110893991206614,0.06063457879102088
0.06008793356130915,0.061811291959540215
0.061064973131411904,0.06300852045063723
0.06204201270151444,0.06411744355144901
0.06301905227161697,0.06520924248476972
0.0639960918417195,0.066301022119155
0.06497313141182204,0.06739267346290367
0.0659501709819248,0.0684843248066526
0.06692721055202733,0.06957597615040127
0.06790425012212986,0.07065718779406105
0.06888128969223262,0.07161115657396232
0.06985832926233515,0.07269629928625647
0.07083536883243768,0.07391385480056695
0.07181240840254022,0.07512880627780802
0.07278944797264275,0.07611081535626593
0.0737664875427455,0.07726732478957156
0.07474352711284804,0.07824856474314794
0.07572056668295057,0.0792298046967243
0.07669760625305333,0.08032212555272368
0.07767464582315586,0.08149912146168661
0.0786516853932584,0.08267611737064955
0.07962872496336093,0.08385311327961248
0.08060576453346346,0.08496958910227906
0.08158280410356622,0.08600831989844966
0.08255984367366875,0.08698723037404839
0.08353688324377129,0.08795508308452954
0.08451392281387404,0.08933726579287612
0.08549096238397658,0.09027331526256688
0.08646800195407911,0.0912341903260441
0.08744504152418164,0.09260497871207862
0.08842208109428418,0.09353285708425207
0.08939912066438693,0.09449921825360325
0.09037616023448947,0.09558960303388288
0.091353199804592,0.09668024430436256
0.09233023937469476,0.09777145971519295
0.09330727894479729,0.09894372179152698
0.09428431851489982,0.1002061337330039
0.09526135808500236,0.10134982324514866
0.09623839765510489,0.10244298568938527
0.09721543722520765,0.10353651094124997
0.09819247679531018,0.10463018978727207
0.09916951636541271,0.1057234441336929
0.10014655593551547,0.10681618465946202
0.101123595505618,0.10790892518523089
0.10210063507572054,0.10900128789375257
0.10307767464582307,0.11009114761062806
0.1040547142159256,0.11118100732750355
0.10503175378602836,0.11227086704437929
0.10600879335613089,0.11333969242326693
0.10698583292623343,0.11440659081608558
0.10796287249633618,0.11547348920890446
0.10893991206643872,0.11654038760172311
0.10991695163654125,0.11760728599454176
0.11089399120664378,0.11867418438736041
0.11187103077674632,0.11974108278017906
0.11284807034684907,0.12082369118291296
0.1138251099169516,0.12207496177991974
0.11480214948705414,0.12307917172835217
0.1157791890571569,0.12408338167678484
0.11675622862725943,0.1250875916252173
0.11773326819736196,0.12639578006279545
0.1187103077674645,0.12728382334418806
0.11968734733756703,0.12847204586950245
0.12066438690766979,0.1296602683948171
0.12164142647777232,0.1308404480162498
0.12261846604787485,0.13187763044890954
0.12359550561797761,0.13283911820147265
0.12457254518808014,0.13382134669935333
0.12554958475818268,0.1349067422790238
0.1265266243282852,0.13600034987379103
0.12750366389838774,0.1371557146325264
0.1284807034684905,0.1383805632698654
0.12945774303859303,0.1395762394615067
0.13043478260869557,0.14063093972276342
0.13141182217879832,0.14156274613095143
0.13238886174890085,0.14259958544394077
0.1333659013190034,0.14376616621409932
0.13434294088910592,0.1448122397862236
0.13531998045920846,0.1460753587819264
0.1362970200293112,0.14723028459879242
0.13727405959941374,0.14832318522479748
0.13825109916951628,0.14936551423222935
0.13922813873961903,0.15035358710915667
0.14020517830972157,0.15141514168420386
0.1411822178798241,0.15247838787974144
0.14215925744992663,0.153541634075279
0.14313629702002917,0.15460488027081654
0.14411333659013192,0.15566812646635436
0.14509037616023446,0.15686522145720064
0.146067415730337,0.1580765501978102
0.14704445530043975,0.15923606840758536
0.14802149487054228,0.16032778395166622
0.14899853444064481,0.16142039975281372
0.14997557401074735,0.16251454101766286
0.15095261358084988,0.1636074840236287
0.15192965315095264,0.16470042702959484
0.15290669272105517,0.1657933700355607
0.1538837322911577,0.16688506924962962
0.15486077186126046,0.1679780270818783
0.155837811431363,0.16907098491412678
0.15681485100146553,0.17016394274637525
0.15779189057156806,0.17125690057862372
0.1587689301416706,0.1723323650213849
0.15974596971177335,0.17334181825174705
0.16072300928187588,0.17435127148210894
0.16170004885197842,0.17536072471247086
0.16267708842208117,0.17658119784808543
0.1636541279921837,0.17780623499566645
0.16463116756228624,0.17889090121725804
0.16560820713238877,0.17983017772462698
0.1665852467024913,0.1807850032907659
0.16756228627259406,0.1820437838238584
0.1685393258426966,0.18326792947175816
0.16951636541279913,0.1843571878193841
0.17049340498290189,0.18544148786422646
0.17147044455300442,0.1863631468039297
0.17244748412310695,0.1873399862396105
0.1734245236932095,0.18842895684558963
0.17440156326331202,0.18951792745156876
0.17537860283341478,0.1907711881247609
0.1763556424035173,0.19199550776467866
0.17733268197361984,0.19304597820137737
0.1783097215437226,0.1940964486380763
0.17928676111382513,0.195146919074775
0.18026380068392767,0.1961973895114737
0.1812408402540302,0.1972478599481724
0.18221787982413273,0.1982983303848711
0.1831949193942355,0.19936100294589093
0.18417195896433802,0.20054883200356763
0.18514899853444056,0.20173666106124435
0.1861260381045433,0.20292449011892133
0.18710307767464585,0.20402455156384752
0.18808011724474838,0.20487275214974557
0.1890571568148509,0.20596210936204443
0.19003419638495345,0.20713298892564813
0.1910112359550562,0.2083038684892521
0.19198827552515874,0.2094747480528558
0.19296531509526127,0.2104623127874225
0.19394235466536403,0.21143630564286348
0.19491939423546656,0.21247541345989213
0.1958964338055691,0.21359739595750152
0.19687347337567163,0.21471937845511094
0.19785051294577416,0.21581937641371132
0.19882755251587692,0.21685707373118215
0.19980459208597945,0.21798644363034445
0.20078163165608198,0.2192006840383283
0.20175867122618474,0.22040087568158925
0.20273571079628727,0.22149768129899475
0.2037127503663898,0.22259099290464537
0.20468978993649234,0.2236789422549099
0.20566682950659487,0.22463803341800484
0.20664386907669763,0.22556492151762855
0.20762090864680016,0.22672213313336304
0.2085979482169027,0.22787934474909755
0.20957498778700545,0.2290365563648323
0.21055202735710798,0.2301937679805668
0.21152906692721052,0.23132368131987918
0.21250610649731305,0.2323693392566775
0.21348314606741559,0.2333406833373847
0.21446018563751834,0.23441714797614924
0.21543722520762087,0.23569584574705732
0.2164142647777234,0.23678545263233386
0.21739130434782616,0.23787505951761065
0.2183683439179287,0.23896466640288722
0.21934538348803123,0.23985795938555804
0.22032242305813377,0.24086087351594151
0.2212994626282363,0.24195003763243744
0.22227650219833905,0.2430392017489336
0.2232535417684416,0.24413596469539006
0.22423058133854412,0.24524488538502418
0.22520762090864688,0.24635380607465854
0.2261846604787494,0.24746272676429265
0.22716170004885194,0.24857164745392674
0.22813873961895448,0.24968056814356085
0.229115779189057,0.25078948883319496
0.23009281875915977,0.2518984095228293
0.2310698583292623,0.2530073302124634
0.23204689789936483,0.2540966659986952
0.2330239374694676,0.25517520651147174
0.23400097703957012,0.25635999571301676
0.23497801660967266,0.25753357387922976
0.2359550561797752,0.25863296575742506
0.23693209574987772,0.2597153988986064
0.23790913531998048,0.2607870040496633
0.23888617489008301,0.2618586092007199
0.23986321446018555,0.26293021435177655
0.2408402540302883,0.2640018195028334
0.24181729360039084,0.26507342465389006
0.24279433317049337,0.2661450298049467
0.2437713727405959,0.2671817089978062
0.24474841231069844,0.26820964868965635
0.2457254518808012,0.269386324821255
0.24670249145090373,0.2705385075728709
0.24767953102100626,0.27168505306671276
0.24865657059110902,0.2728252663507352
0.24963361016121155,0.273922443903481
0.2506106497313141,0.27501297297554056
0.2515876893014166,0.27610305823587766
0.25256472887151915,0.27719314349621477
0.2535417684416219,0.2781975615752839
0.25451880801172444,0.2791081841363448
0.255495847581827,0.28027173672517547
0.25647288715192973,0.28147695707843623
0.25744992672203226,0.2826431809498363
0.2584269662921348,0.2836521825932866
0.25940400586223733,0.2846611842367369
0.26038104543233986,0.2856701858801872
0.2613580850024426,0.28673474741004695
0.26233512457254515,0.28782707073505404
0.2633121641426477,0.2889595501449643
0.26428920371275044,0.2901382133970306
0.265266243282853,0.2913168766490967
0.2662432828529555,0.29243987656947823
0.26722032242305804,0.29328990537685645
0.2681973619931606,0.2944342961714688
0.26917440156326333,0.29557868696608147
0.27015144113336587,0.2967230777606939
0.2711284807034684,0.29788732872941076
0.27210552027357116,0.29903970744595004
0.2730825598436737,0.3001312040797486
0.2740595994137762,0.3012227007135471
0.27503663898387876,0.30231419734734566
0.2760136785539813,0.3034056939811442
0.27699071812408405,0.304497190614943
0.2779677576941866,0.30559359507922385
0.2789447972642891,0.3065937855918262
0.27992183683439187,0.30751263427055014
0.2808988764044944,0.30857691470167786
0.28187591597459694,0.3097742585167878
0.28285295554469947,0.31098386986634335
0.283829995114802,0.3121106190678544
0.28480703468490476,0.31310942878567893
0.2857840742550073,0.31433338913280334
0.2867611138251098,0.3154163774939357
0.2877381533952126,0.3164882549657923
0.2887151929653151,0.31756013243764863
0.28969223253541765,0.318632009909505
0.2906692721055202,0.31970388738136135
0.2916463116756227,0.3207757648532177
0.29262335124572547,0.3218476423250743
0.293600390815828,0.32291865088156874
0.29457743038593054,0.32397749559230765
0.2955544699560333,0.32503634030304684
0.29653150952613583,0.32609518501378576
0.29750854909623836,0.3271540297245247
0.2984855886663409,0.32852598255589793
0.29946262823644343,0.32961874186244966
0.3004396678065462,0.33071150116900166
0.3014167073766487,0.3318042604755534
0.30239374694675125,0.3328970197821052
0.303370786516854,0.333981618005296
0.30434782608695654,0.3350041470317608
0.3053248656570591,0.3360266760582256
0.3063019052271616,0.33704920508469044
0.30727894479726414,0.3380719110235085
0.3082559843673669,0.3392560130650959
0.30923302393746943,0.3404401151066831
0.31021006350757196,0.3416242171482703
0.3111871030776747,0.34268201126340714
0.31216414264777725,0.34372223572260907
0.3131411822178798,0.3447605130285517
0.3141182217879823,0.34577655863470874
0.31509526135808485,0.3468027832538092
0.3160723009281876,0.34789459600557093
0.31704934049829014,0.3489864087573324
0.3180263800683927,0.35014905570535937
0.31900341963849543,0.3514066833052866
0.31998045920859797,0.3525547468933132
0.3209574987787005,0.3536492430197965
0.32193453834880303,0.3547437391462798
0.32291157791890557,0.3558382352727632
0.3238886174890083,0.35663716899798903
0.32486565705911086,0.35775079265100757
0.3258426966292134,0.35896254492765006
0.32681973619931615,0.3601742972042928
0.3277967757694187,0.3610210101223021
0.3287738153395212,0.36209941852404026
0.32975085490962375,0.3632698832395978
0.3307278944797263,0.3644403479551553
0.33170493404982904,0.36561081267071305
0.33268197361993157,0.3667605559567439
0.3336590131900341,0.3678517731296312
0.33463605276013686,0.3687650254113652
0.3356130923302394,0.3697853374254795
0.3365901319003419,0.3709496419303491
0.33756717147044446,0.3721139464352188
0.338544211040547,0.3732782509400884
0.33952125061064975,0.37440274280910774
0.3404982901807523,0.3754084752652397
0.3414753297508548,0.3763427312469052
0.3424523693209576,0.377428544628153
0.3434294088910601,0.37856771843063924
0.34440644846116264,0.3797068922331255
0.3453834880312652,0.3808460660356117
0.3463605276013677,0.38198523983809796
0.34733756717147046,0.3831244136405844
0.348314606741573,0.38419150459541734
0.34929164631167553,0.3851946425714208
0.3502686858817783,0.38619778054742443
0.3512457254518808,0.38721881036957634
0.35222276502198335,0.38831384478475967
0.3531998045920859,0.3894697785321195
0.3541768441621884,0.3907816904961049
0.3551538837322912,0.3918757230126019
0.3561309233023937,0.39295387267185317
0.35710796287249624,0.3939417422997722
0.358085002442599,0.3949296119276914
0.35906204201270153,0.39606713126771564
0.36003908158280407,0.39733083452859597
0.3610161211529066,0.3983932340382734
0.36199316072300913,0.39923332002802236
0.3629702002931119,0.4003244977194662
0.3639472398632144,0.40141567541090983
0.36492427943331696,0.4025589971493147
0.3659013190034197,0.40371135166044
0.36687835857352225,0.404863706171565
0.3678553981436248,0.40601606068268997
0.3688324377137273,0.407168415193815
0.36980947728382985,0.40825960462346855
0.3707865168539326,0.4093490350658389
0.37176355642403514,0.410438465508209
0.37274059599413767,0.41150885233914747
0.3737176355642404,0.412339501608492
0.37469467513434296,0.413436061528958
0.3756717147044455,0.4145273112018942
0.376648754274548,0.41570197017006905
0.37762579384465056,0.41689821735603205
0.3786028334147533,0.41808484836292664
0.37957987298485585,0.41918461072466634
0.3805569125549584,0.4202745260498487
0.38153395212506114,0.42135140495301304
0.38251099169516367,0.4223653695401841
0.3834880312652662,0.4233793341273552
0.38446507083536874,0.42439329871452625
0.38544211040547127,0.4254532899649087
0.38641914997557403,0.42654575512710285
0.38739618954567656,0.42763822028929677
0.3883732291157791,0.4287306854514907
0.38935026868588185,0.4298231506136848
0.3903273082559844,0.431187421825749
0.3913043478260869,0.4322828864073047
0.39228138739618945,0.43337835098886046
0.393258426966292,0.43446977036604395
0.39423546653639474,0.4355606024681765
0.3952125061064973,0.4366514345703088
0.3961895456765998,0.4377432673446009
0.39716658524670256,0.4387742472344496
0.3981436248168051,0.43975643753256494
0.39912066438690763,0.4407808248464582
0.40009770395701016,0.4419285037603654
0.4010747435271127,0.4430356009779735
0.40205178309721545,0.44414269819558183
0.403028822667318,0.44523940371091136
0.4040058622374205,0.4462613306638139
0.4049829018075233,0.4475762318886833
0.4059599413776258,0.44866171855569337
0.40693698094772834,0.44975345931647537
0.4079140205178309,0.45079484887090754
0.4088910600879334,0.4517801689989462
0.40986809965803617,0.4527654891269851
0.4108451392281387,0.4539169784110949
0.41182217879824123,0.45509116130329985
0.412799218368344,0.4562653441955051
0.4137762579384465,0.45739220159847727
0.41475329750854906,0.4584510059261699
0.4157303370786516,0.45950981025386256
0.4167073766487541,0.4605686145815552
0.4176844162188569,0.4616274189092481
0.4186614557889594,0.46268622323694075
0.41963849535906195,0.46374502756463337
0.4206155349291647,0.46480383189232627
0.42159257449926724,0.4658665030037819
0.42256961406936977,0.46704075776992593
0.4235466536394723,0.468325800558649
0.42452369320957484,0.46941222775471375
0.4255007327796776,0.4705123840471991
0.4264777723497801,0.471608053237156
0.42745481191988266,0.472699814862707
0.4284318514899854,0.47379157648825826
0.42940889106008795,0.47488088629771114
0.4303859306301905,0.47593880237688985
0.431362970200293,0.4767843773357777
0.43234000977039555,0.4778771227017193
0.4333170493404983,0.4789698680676611
0.43429408891060084,0.4800626134336027
0.4352711284807034,0.4811559743699437
0.43624816805080613,0.48225204023322565
0.43722520762090866,0.4833846964661827
0.4382022471910112,0.4845263500515221
0.43917928676111373,0.4856680036368615
0.44015632633121626,0.48680965722220093
0.441133365901319,0.4879513108075406
0.44211040547142155,0.48899871600191736
0.4430874450415241,0.48993523863374583
0.44406448461162684,0.49125671307021646
0.4450415241817294,0.49234968202523316
0.4460185637518319,0.4934426509802498
0.44699560332193444,0.4945356199352665
0.447972642892037,0.49562886692695274
0.44894968246213973,0.49672224215687566
0.44992672203224227,0.4978134538626447
0.4509037616023448,0.49890535554774135
0.45188080117244755,0.4999288570363003
0.4528578407425501,0.5009429186336246
0.4538348803126526,0.5019569802309489
0.45481191988275516,0.5030336155561947
0.4557889594528577,0.5042162519680686
0.45676599902296044,0.5053988883799427
0.457743038593063,0.506552051044152
0.4587200781631655,0.50763641442883
0.45969711773326827,0.5087286401203617
0.4606741573033708,0.5097857010848766
0.46165119687347334,0.5108228146056313
0.46262823644357587,0.5118599281263858
0.4636052760136784,0.5130067675819626
0.46458231558378116,0.5141950990620976
0.4655593551538837,0.5152879666729305
0.4665363947239862,0.5163808342837635
0.467513434294089,0.5174737018945967
0.4684904738641915,0.5185663822657314
0.46946751343429405,0.5196576013749498
0.4704445530043966,0.5207488204841682
0.4714215925744991,0.5218400395933865
0.47239863214460187,0.522930813803287
0.4733756717147044,0.5240179642463096
0.47435271128480694,0.5249313417207518
0.4753297508549097,0.5262029230636096
0.4763067904250122,0.5272959970857752
0.47728382999511476,0.5283795731988777
0.4782608695652173,0.5293821828670773
0.47923790913531983,0.5303847925352768
0.4802149487054226,0.531482676948872
0.4811919882755251,0.5327601353067521
0.48216902784562765,0.5338499135720094
0.4831460674157304,0.534944035694476
0.48412310698583294,0.5360381578169422
0.4851001465559355,0.5370100079335746
0.486077186126038,0.5379530870230698
0.48705422569614054,0.5391565323785021
0.4880312652662433,0.5404079157240084
0.48900830483634583,0.5414978549211799
0.48998534440644836,0.542587830068165
0.4909623839765511,0.5436784435102863
0.49193942354665365,0.5447693978727505
0.4929164631167562,0.5458623378107451
0.4938935026868587,0.5469491227729134
0.49487054225696125,0.5480096881862808
0.495847581827064,0.5490702535996485
0.49682462139716654,0.5501308190130159
0.4978016609672691,0.551165799677416
0.49877870053737183,0.5522139138728945
0.49975574010747437,0.553496762986148
0.5007327796775769,0.5544907935004557
0.5017098192476794,0.5556446547038123
0.502686858817782,0.5567985159071689
0.5036638983878847,0.557818788338894
0.5046409379579873,0.5588404458744998
0.5056179775280898,0.5599938655422604
0.5065950170981925,0.5611533486367007
0.5075720566682951,0.5622439448039399
0.5085490962383976,0.5633132742382274
0.5095261358085001,0.5643490960660444
0.5105031753786027,0.565409175391227
0.5114802149487054,0.5665382420287033
0.512457254518808,0.5676673086661793
0.5134342940889105,0.5687963753036552
0.5144113336590133,0.5698965588099141
0.5153883732291158,0.5709883133972249
0.5163654127992183,0.5720800679845357
0.5173424523693209,0.5731717035237719
0.5183194919394234,0.5742628326031632
0.5192965315095261,0.5753539616825548
0.5202735710796287,0.5764467423215724
0.5212506106497312,0.577538514103224
0.522227650219834,0.5786284622910796
0.5232046897899365,0.5796318212086861
0.524181729360039,0.5806645921321503
0.5251587689301416,0.5818264252811803
0.5261358085002441,0.5829882584302104
0.5271128480703469,0.5840920449241168
0.5280898876404494,0.5851846741721572
0.5290669272105519,0.5862773034201976
0.5300439667806547,0.5873696536002331
0.5310210063507572,0.5884617317036703
0.5319980459208598,0.5895538098071076
0.5329750854909623,0.5906458879105447
0.5339521250610648,0.5917378577632055
0.5349291646311676,0.5928297853378647
0.5359062042012701,0.5939217129125236
0.5368832437713726,0.5950136404871825
0.5378602833414754,0.5961034639807782
0.5388373229115779,0.5971928326967944
0.5398143624816805,0.5982397144626469
0.540791402051783,0.5992569526335917
0.5417684416218855,0.6004311422496512
0.5427454811919883,0.6015623926757689
0.5437225207620908,0.6026564776726588
0.5446995603321934,0.6037004359074367
0.5456765999022961,0.604620319689318
0.5466536394723986,0.6057755574017046
0.5476306790425012,0.6069307951140914
0.5486077186126037,0.6080860328264782
0.5495847581827062,0.6091716524264135
0.550561797752809,0.6101678758793172
0.5515388373229115,0.6111640993322206
0.5525158768930141,0.6123896177384993
0.5534929164631168,0.613576016374274
0.5544699560332194,0.6145939556480031
0.5554469956033219,0.6155122509283624
0.5564240351734244,0.6166022899818727
0.557401074743527,0.6177034637129012
0.5583781143136297,0.6190376249302533
0.5593551538837322,0.6201303467966933
0.5603321934538348,0.6212230686631334
0.5613092330239375,0.6223157905295736
0.5622862725940401,0.6234085123960136
0.5632633121641426,0.6245012342624536
0.5642403517342451,0.6255939561288937
0.5652173913043477,0.6266197698795485
0.5661944308744504,0.6275548935325017
0.567171470444553,0.6288512698137605
0.5681485100146555,0.6299069472891955
0.5691255495847583,0.6309641661285547
0.5701025891548608,0.6320232199694313
0.5710796287249633,0.6329976356606215
0.5720566682950659,0.6343298100986684
0.5730337078651684,0.6354187354899232
0.5740107474352711,0.6365150526903217
0.5749877870053737,0.6376143632422835
0.5759648265754762,0.6386964604196728
0.576941866145579,0.6397953152317589
0.5779189057156815,0.6408865935234538
0.578895945285784,0.6419164409617486
0.5798729848558866,0.6428396868717579
0.5808500244259891,0.6441228223384122
0.5818270639960919,0.6451090620008099
0.5828041035661944,0.6462680935084193
0.5837811431362969,0.6474271250160287
0.5847581827063997,0.648525257594981
0.5857352222765022,0.649616774457181
0.5867122618466047,0.6507114286278973
0.5876893014167073,0.6518047102872264
0.5886663409868098,0.6528930649238484
0.5896433805569126,0.6539448529729461
0.5906204201270151,0.654977725945555
0.5915974596971176,0.6560105989181639
0.5925744992672204,0.6570434718907732
0.5935515388373229,0.6581555166334199
0.5945285784074255,0.6593402758177286
0.595505617977528,0.6605250350020373
0.5964826575476305,0.6616314989384123
0.5974596971177333,0.6627202048449619
0.5984367366878358,0.6638134430227492
0.5994137762579383,0.6649089034134108
0.6003908158280411,0.6659981822970144
0.6013678553981436,0.6670890957301923
0.6023448949682462,0.6681809273724808
0.6033219345383487,0.6692727590147692
0.6042989741084512,0.6703648363846104
0.605276013678554,0.6714592783869937
0.6062530532486565,0.6725537203893767
0.6072300928187591,0.6736481623917596
0.6082071323888618,0.6747297876240782
0.6091841719589643,0.6757377243934573
0.6101612115290669,0.6768872967181795
0.6111382510991694,0.6779540799637861
0.612115290669272,0.6788753164937625
0.6130923302393747,0.6800694773591013
0.6140693698094772,0.6812744625900813
0.6150464093795798,0.6823808916692553
0.6160234489496825,0.6834616209514864
0.6170004885197851,0.6845186886189374
0.6179775280898876,0.6855757562863883
0.6189545676599901,0.6866328239538393
0.6199316072300927,0.6878462236013829
0.6209086468001954,0.688939304125167
0.621885686370298,0.6899968545396304
0.6228627259404005,0.6910377337933915
0.6238397655105032,0.6920786130471528
0.6248168050806058,0.693196885781347
0.6257938446507083,0.6943684827291141
0.6267708842208108,0.6954902859029615
0.6277479237909134,0.6965806815342717
0.6287249633610161,0.6976710771655821
0.6297020029311187,0.6987607777918525
0.6306790425012212,0.6998204340864363
0.631656082071324,0.7008465315582412
0.6326331216414265,0.7018726290300458
0.633610161211529,0.7028987265018504
0.6345872007816316,0.7042249028058649
0.6355642403517341,0.7052623823815691
0.6365412799218368,0.7062719902883646
0.6375183194919394,0.7073980538211203
0.6384953590620419,0.7085952425911249
0.6394723986321447,0.7096877357883365
0.6404494382022472,0.710780228985548
0.6414264777723497,0.7118767478411137
0.6424035173424523,0.7129680394927046
0.6433805569125548,0.7140558811614448
0.6443575964826576,0.7151040873665195
0.6453346360527601,0.7161511447574669
0.6463116756228626,0.7173074413776975
0.6472887151929654,0.7184057249748033
0.6482657547630679,0.7194717601923167
0.6492427943331704,0.7205377954098302
0.650219833903273,0.7216038306273437
0.6511968734733755,0.7227238007339505
0.6521739130434783,0.7238799542215454
0.6531509526135808,0.7249766402750639
0.6541279921836833,0.7260690471285942
0.6551050317537861,0.7271614539821248
0.6560820713238886,0.7282471153082691
0.6570591108939912,0.7293389031883715
0.6580361504640937,0.730430975047246
0.6590131900341962,0.7315276185399454
0.659990229604299,0.7326242620326452
0.6609672691744015,0.7337209055253447
0.661944308744504,0.7348175490180443
0.6629213483146068,0.7359094260088108
0.6638983878847093,0.7369970283905852
0.6648754274548119,0.7380856757156374
0.6658524670249144,0.7391768739135739
0.6668295065950169,0.7402680721115102
0.6678065461651197,0.7413592703094469
0.6687835857352222,0.7424504685073834
0.6697606253053248,0.7435415714083948
0.6707376648754275,0.744632528157274
0.67171470444553,0.7457234849061529
0.6726917440156326,0.7468144416550317
0.6736687835857351,0.7478679144339789
0.6746458231558377,0.7487804676259605
0.6756228627259404,0.7499371485799243
0.6765999022960429,0.7511150863126778
0.6775769418661455,0.7522307263237126
0.6785539814362482,0.7531763903172457
0.6795310210063508,0.754354924949979
0.6805080605764533,0.7554447218991222
0.6814851001465558,0.7565345188482653
0.6824621397166584,0.757670917462286
0.6834391792867611,0.7588315772355979
0.6844162188568637,0.7598934920951047
0.6853932584269662,0.7609015460716728
0.686370297997069,0.7619096000482412
0.6873473375671715,0.7631398954937919
0.688324377137274,0.7642710930209595
0.6893014167073765,0.7653349182594178
0.6902784562774791,0.7663987434978761
0.6912554958475818,0.7674703347369422
0.6922325354176844,0.7685534200203994
0.6932095749877869,0.7696605278979453
0.6941866145578897,0.7707774172723024
0.6951636541279922,0.7718943066466594
0.6961406936980947,0.7730111960210163
0.6971177332681973,0.7741188526651538
0.6980947728382998,0.7751156415073668
0.6990718124084025,0.7761413391514271
0.7000488519785051,0.7773956468343501
0.7010258915486076,0.7784959477052654
0.7020029311187104,0.779596248576181
0.7029799706888129,0.7806858211349783
0.7039570102589154,0.7817722104024094
0.704934049829018,0.7827825021888208
0.7059110893991205,0.7839286487867992
0.7068881289692233,0.7850427598133345
0.7078651685393258,0.7861288147262732
0.7088422081094283,0.787222335822785
0.7098192476795311,0.7883158569192971
0.7107962872496336,0.789408780286436
0.7117733268197362,0.79049926027894
0.7127503663898387,0.79159069352256
0.7137274059599412,0.792682434899755
0.714704445530044,0.7937741762769502
0.7156814851001465,0.7948045138788686
0.716658524670249,0.795825714433904
0.7176355642403518,0.7968469149889397
0.7186126038104543,0.7980835897135371
0.7195896433805569,0.7991860378568589
0.7205666829506594,0.8003319450371992
0.7215437225207619,0.8014234290155136
0.7225207620908647,0.8025148033805108
0.7234978016609672,0.803605274741283
0.7244748412310698,0.8046840190259141
0.7254518808011725,0.8057357607701622
0.726428920371275,0.8067875025144099
0.7274059599413776,0.8078392442586577
0.7283829995114801,0.8088909860029055
0.7293600390815826,0.8099860975060538
0.7303370786516854,0.8111744571667779
0.7313141182217879,0.8123414253683888
0.7322911577918905,0.8134318882348224
0.7332681973619932,0.8144263373005077
0.7342452369320958,0.8155644703271571
0.7352222765021983,0.8167026033538063
0.7361993160723008,0.8178028667697259
0.7371763556424034,0.8188949208125047
0.7381533952125061,0.8199650761882727
0.7391304347826086,0.8210181756748751
0.7401074743527112,0.822093090520185
0.7410845139228139,0.8232577272135683
0.7420615534929165,0.8243489908742498
0.743038593063019,0.8254154061450626
0.7440156326331215,0.8264598124176623
0.7449926722032241,0.8275494959778761
0.7459697117733268,0.828659535334062
0.7469467513434294,0.8297246121077391
0.7479237909135319,0.8308674192336011
0.7489008304836346,0.8319988066569407
0.7498778700537372,0.83309018100366
0.7508549096238397,0.8341800965992958
0.7518319491939423,0.8352720440264872
0.7528089887640448,0.836351208683544
0.7537860283341475,0.8374253059923069
0.7547630679042501,0.8384994033010695
0.7557401074743526,0.8395735006098323
0.7567171470444554,0.8405804208805823
0.7576941866145579,0.8417741492058728
0.7586712261846604,0.8429193136143855
0.759648265754763,0.8440102031970954
0.7606253053248655,0.8450919253100921
0.7616023448949683,0.8461549054705755
0.7625793844650708,0.8472846517761582
0.7635564240351733,0.8483172518299086
0.7645334636052761,0.849304183821681
0.7655105031753786,0.8504240104421739
0.7664875427454811,0.8515864056146921
0.7674645823155837,0.8527353927027543
0.7684416218856862,0.8536510695281063
0.769418661455789,0.8549375858887097
0.7703957010258915,0.8560291151914572
0.771372740595994,0.857098695179026
0.7723497801660968,0.8581731675754558
0.7733268197361993,0.8592995633729853
0.7743038593063019,0.8603929822591735
0.7752808988764044,0.8614594884424684
0.7762579384465069,0.862468210216461
0.7772349780166097,0.8635840824478405
0.7782120175867122,0.8646999546792196
0.7791890571568147,0.8658158269105987
0.7801660967269175,0.8669316991419781
0.78114313629702,0.8680398343202483
0.7821201758671226,0.8691297487992804
0.7830972154372251,0.8702199306410947
0.7840742550073276,0.8713112646279368
0.7850512945774304,0.8723858991182573
0.7860283341475329,0.8734224425113285
0.7870053737176355,0.8744736529237359
0.7879824132877382,0.8756776329129163
0.7889594528578407,0.8767701505263217
0.7899364924279433,0.877863898045683
0.7909135319980458,0.8789615456200327
0.7918905715681483,0.8800152604254402
0.7928676111382511,0.8810421751376143
0.7938446507083536,0.8820562504806241
0.7948216902784562,0.8833250063972279
0.7957987298485589,0.8844029455157284
0.7967757694186615,0.8854861486427298
0.797752808988764,0.8866005328962322
0.7987298485588665,0.8875763071270665
0.7997068881289691,0.8887041201267312
0.8006839276990718,0.8898241082715325
0.8016609672691744,0.8909440964163337
0.8026380068392769,0.8920604862049198
0.8036150464093796,0.8931566399537938
0.8045920859794822,0.8942491897752738
0.8055691255495847,0.89533937186511
0.8065461651196872,0.8964301790644696
0.8075232046897898,0.897521232082204
0.8085002442598925,0.8985083116864337
0.8094772838299951,0.8995846345101184
0.8104543234000976,0.9007916383890963
0.8114313629702004,0.9018019851251601
0.8124084025403029,0.9027829127894395
0.8133854421104054,0.904023674862716
0.814362481680508,0.905152255182419
0.8153395212506105,0.9062391900817137
0.8163165608207132,0.9073440112277041
0.8172936003908158,0.9084413723069674
0.8182706399609183,0.909530982092587
0.8192476795310211,0.9105458998360954
0.8202247191011236,0.9115602029680654
0.8212017586712261,0.9128060553750416
0.8221787982413287,0.9138993244927437
0.8231558378114312,0.9149961511048954
0.824132877381534,0.9160865861365968
0.8251099169516365,0.9171595315848489
0.826086956521739,0.9182538215672141
0.8270639960918418,0.9193625791365582
0.8280410356619443,0.9204500505489734
0.8290180752320468,0.9215277052071671
0.8299951148021494,0.9226184678933487
0.8309721543722519,0.9237294912200081
0.8319491939423547,0.9248154612290281
0.8329262335124572,0.9259098637844327
0.8339032730825597,0.9270033262845833
0.8348803126526625,0.9280967887847341
0.835857352222765,0.9291448132130055
0.8368343917928676,0.9302554545072185
0.8378114313629701,0.9313758324337453
0.8387884709330726,0.9324621705861131
0.8397655105031754,0.9335481904804799
0.8407425500732779,0.9345641384158797
0.8417195896433805,0.9356402517275779
0.8426966292134832,0.9367556420293746
0.8436736687835857,0.9378434781219117
0.8446507083536883,0.9389321711001216
0.8456277479237908,0.9400635749685143
0.8466047874938933,0.9411582490830244
0.8475818270639961,0.9422278634108427
0.8485588666340986,0.943352050160259
0.8495359062042012,0.9444064747844235
0.8505129457743039,0.9455112381099082
0.8514899853444065,0.9466576861755241
0.852467024914509,0.9477559372776868
0.8534440644846115,0.9487673406799277
0.854421104054714,0.9498158952540525
0.8553981436248168,0.9510144130265842
0.8563751831949193,0.952049071842629
0.8573522227650219,0.9530770441919841
0.8583292623351246,0.9541539937648724
0.8593063019052272,0.9552117185412813
0.8602833414753297,0.9564232020279076
0.8612603810454322,0.9575575942729101
0.8622374206155348,0.9585756315490993
0.8632144601856375,0.9595971900910572
0.8641914997557401,0.9607325030364869
0.8651685393258426,0.961877605579853
0.8661455788959453,0.9628303338059361
0.8671226184660479,0.9639351706350474
0.8680996580361504,0.9650386855826929
0.869076697606253,0.9660086712219489
0.8700537371763555,0.9671451472610614
0.8710307767464582,0.9682119428626683
0.8720078163165608,0.969321068524033
0.8729848558866633,0.9703008488353649
0.8739618954567661,0.9711880334078854
0.8749389350268686,0.9722192127445854
0.8759159745969711,0.973093171746846
0.8768930141670737,0.974380575131481
0.8778700537371762,0.975244929122852
0.878847093307279,0.9759972958635067
0.8798241328773815,0.9770694484240087
0.880801172447484,0.9773918099388522
0.8817782120175868,0.9783855393823073
0.8827552515876893,0.9795480494406941
0.8837322911577918,0.9806070590151875
0.8847093307278944,0.9817988791121007
0.8856863702979969,0.9827793712943463
0.8866634098680997,0.9832701721061615
0.8876404494382022,0.9840020162646101
0.8886174890083047,0.9837549531493731
0.8895945285784075,0.9844972143698592
0.89057156814851,0.9860320864630034
0.8915486077186126,0.9864827796485052
0.8925256472887151,0.9868354077938885
0.8935026868588176,0.9870575990844765
0.8944797264289204,0.9881789655681396
0.8954567659990229,0.9888855964551398
0.8964338055691254,0.9888153649064861
0.8974108451392282,0.9887637168724471
0.8983878847093307,0.9886442110459133
0.8993649242794333,0.9891202021602042
0.9003419638495358,0.9894999917175475
0.9013190034196383,0.9898462918196358
0.9022960429897411,0.9905442880975588
0.9032730825598436,0.9912422843754818
0.9042501221299462,0.9917542114459125
0.9052271617000489,0.9920566923432079
0.9062042012701514,0.9922826148363663
0.907181240840254,0.992843524943911
0.9081582804103565,0.9932435994658856
0.909135319980459,0.9935008472024599
0.9101123595505618,0.9932049275161241
0.9110893991206643,0.9933549276646751
0.9120664386907669,0.994013226625243
0.9130434782608696,0.9944225749004297
0.9140205178309722,0.9949445000978313
0.9149975574010747,0.995646858484472
0.9159745969711772,0.9957218867346062
0.9169516365412798,0.9955601001229043
0.9179286761113825,0.9954399522942124
0.918905715681485,0.9958529424145987
0.9198827552515876,0.9963035995875353
0.9208597948216903,0.9965766694515417
0.9218368343917929,0.9963799344062574
0.9228138739618954,0.9961452888043604
0.9237909135319979,0.9963944667686774
0.9247679531021005,0.9963259096673278
0.9257449926722032,0.9960812484674166
0.9267220322423058,0.9960908020113544
0.9276990718124083,0.996388393938902
0.928676111382511,0.9967213293769263
0.9296531509526136,0.997742532866195
0.9306301905227161,0.9975607935604063
0.9316072300928187,0.9976489051627835
0.9325842696629212,0.9971049026988232
0.9335613092330239,0.9972154127184529
0.9345383488031265,0.9977752362130607
0.935515388373229,0.9980248620617559
0.9364924279433318,0.9979393934074182
0.9374694675134343,0.9980602773856398
0.9384465070835368,0.9978893602948399
0.9394235466536394,0.997664355597396
0.9404005862237419,0.9980315099354069
0.9413776257938447,0.9984285581129164
0.9423546653639472,0.9988256062904259
0.9433317049340497,0.9990633094213601
0.9443087445041525,0.9989062245442915
0.945285784074255,0.9988078257516841
0.9462628236443575,0.9990233996816666
0.9472398632144601,0.9992039712913238
0.9482169027845626,0.999384542900981
0.9491939423546654,0.9992017981981625
0.9501709819247679,0.9980949737740524
0.9511480214948704,0.9979547555518892
0.9521250610649732,0.9984905033971941
0.9531021006350757,0.9977391564763969
0.9540791402051783,0.9980455830183078
0.9550561797752808,0.9969870898968184
0.9560332193453833,0.9974553994062825
0.9570102589154861,0.9979737444746068
0.9579872984855886,0.9984920895429311
0.9589643380556911,0.9986434546517424
0.9599413776257939,0.9984321937713412
0.9609184171958964,0.9992722665606304
0.961895456765999,0.9989657642669314
0.9628724963361015,0.9988323069918826
0.963849535906204,0.9989133931095212
0.9648265754763068,0.9982543130453937
0.9658036150464093,0.9977533229748058
0.9667806546165119,0.9975914619612155
0.9677576941866146,0.9979380199404434
0.9687347337567171,0.9982845779196711
0.9697117733268197,0.9986311358988988
0.9706888128969222,0.9989776938781265
0.9716658524670247,0.9993242518573543
0.9726428920371275,0.9989506368945616
0.97361993160723,0.9985608898125264
0.9745969711773326,0.998832391954948
0.9755740107474353,0.9988659731636573
0.9765510503175379,0.9985863325988065
0.9775280898876404,0.9982923806331103
0.9785051294577429,0.9979979761001168
0.9794821690278455,0.9978379931683357
0.9804592085979482,0.9976870586960097
0.9814362481680508,0.9975361242236837
0.9824132877381533,0.9973851897513577
0.983390327308256,0.9988158601945176
0.9843673668783586,0.9981515485664681
0.9853444064484611,0.9981552365785864
0.9863214460185636,0.9989168802340284
0.9872984855886662,0.9991998739257583
0.9882755251587689,0.9985599673119194
0.9892525647288715,0.9983305919706699
0.990229604298974,0.9986780156900343
0.9912066438690768,0.9987193466369035
0.9921836834391793,0.9981140377367794
0.9931607230092818,0.9977459752560036
0.9941377625793844,0.9979607058427651
0.9951148021494869,0.9982826596934882
0.9960918417195896,0.9986046135442113
0.9970688812896922,0.9988187760009137
0.9980459208597947,0.9989452037853088
0.9990229604298975,0.9990716315697039
1.0,0.9991076419165158
